{
  "model_calls": 1,
  "started_at": 1781258100.415898,
  "completed_at": 1781258220.733112,
  "duration_seconds": 120
}