{
  "model_calls": 1,
  "started_at": 1781200709.771384,
  "completed_at": 1781200784.69578,
  "duration_seconds": 74
}