{
  "model_calls": 1,
  "started_at": 1781201668.943682,
  "completed_at": 1781201798.7939332,
  "duration_seconds": 129
}