{
  "model_calls": 1,
  "started_at": 1781256754.415141,
  "completed_at": 1781256947.6341288,
  "duration_seconds": 193
}