{
  "model_calls": 1,
  "started_at": 1781264929.691682,
  "completed_at": 1781264993.515455,
  "duration_seconds": 63,
  "prompt_chars": 1334,
  "response_chars": 648
}