{
  "model_calls": 1,
  "started_at": 1781257078.8433611,
  "completed_at": 1781257795.619929,
  "duration_seconds": 716
}