{
  "model_calls": 1,
  "started_at": 1781264747.890423,
  "completed_at": 1781264853.391843,
  "duration_seconds": 105,
  "prompt_chars": 2031,
  "response_chars": 1331
}