{
  "model_calls": 1,
  "started_at": 1781256755.558464,
  "completed_at": 1781256911.398294,
  "duration_seconds": 155
}