{
  "model_calls": 1,
  "started_at": 1781201839.614916,
  "completed_at": 1781201942.216473,
  "duration_seconds": 102
}