{
  "model_calls": 6,
  "started_at": 1781197149.22001,
  "completed_at": 1781197553.9030888,
  "duration_seconds": 404,
  "prompt_chars": 23723,
  "response_chars": 10747
}