{
  "model_calls": 1,
  "started_at": 1781260397.936484,
  "completed_at": 1781260528.206413,
  "duration_seconds": 130
}