{
  "model_calls": 1,
  "started_at": 1781199741.689025,
  "completed_at": 1781199882.59253,
  "duration_seconds": 140
}