{
  "model_calls": 1,
  "started_at": 1781198135.173402,
  "completed_at": 1781198315.63439,
  "duration_seconds": 180
}