{
  "model_calls": 1,
  "started_at": 1781200096.402847,
  "completed_at": 1781200194.223747,
  "duration_seconds": 97
}