{
  "model_calls": 1,
  "started_at": 1781256470.9106371,
  "completed_at": 1781256713.086935,
  "duration_seconds": 242
}