{
  "model_calls": 1,
  "started_at": 1781202052.738581,
  "completed_at": 1781202187.134426,
  "duration_seconds": 134
}