{
  "model_calls": 5,
  "started_at": 1781194970.454823,
  "completed_at": 1781195327.223864,
  "duration_seconds": 356
}