{
  "model_calls": 1,
  "started_at": 1781256344.8718872,
  "completed_at": 1781256393.501565,
  "duration_seconds": 48,
  "prompt_chars": 1555,
  "response_chars": 1280
}