{
  "model_calls": 1,
  "started_at": 1781248095.2760189,
  "completed_at": 1781248235.220261,
  "duration_seconds": 139
}