{
  "model_calls": 1,
  "started_at": 1781263097.915423,
  "completed_at": 1781263208.082667,
  "duration_seconds": 110
}