{
  "model_calls": 1,
  "started_at": 1781261248.6107242,
  "completed_at": 1781261334.115978,
  "duration_seconds": 85,
  "prompt_chars": 1195,
  "response_chars": 1263
}