{
  "model_calls": 1,
  "started_at": 1781262581.7732348,
  "completed_at": 1781262687.611247,
  "duration_seconds": 105
}