{
  "model_calls": 1,
  "started_at": 1781203234.882211,
  "completed_at": 1781203325.0348978,
  "duration_seconds": 90,
  "prompt_chars": 1124,
  "response_chars": 1321
}