{
  "model_calls": 1,
  "started_at": 1781263260.6915982,
  "completed_at": 1781263399.731909,
  "duration_seconds": 139
}