{
  "model_calls": 1,
  "started_at": 1781199740.704677,
  "completed_at": 1781199843.6819892,
  "duration_seconds": 102,
  "prompt_chars": 1590,
  "response_chars": 967
}