{
  "model_calls": 1,
  "started_at": 1781264746.4633548,
  "completed_at": 1781264810.242761,
  "duration_seconds": 63,
  "prompt_chars": 1614,
  "response_chars": 742
}