{
  "model_calls": 1,
  "started_at": 1781264929.5150132,
  "completed_at": 1781265052.320701,
  "duration_seconds": 122
}