{
  "model_calls": 1,
  "started_at": 1781200095.191556,
  "completed_at": 1781200207.101727,
  "duration_seconds": 111
}