{
  "model_calls": 1,
  "started_at": 1781256755.766217,
  "completed_at": 1781256977.671293,
  "duration_seconds": 221
}