{
  "model_calls": 1,
  "started_at": 1781266005.664756,
  "completed_at": 1781266103.963656,
  "duration_seconds": 98
}